[
  {
    "type": "palette",
    "name": "glass_full",
    "palette": [
      {
        "char": "+",
        "block": "minecraft:gold_block"
      },
      {
        "char": "`",
        "block": "minecraft:gold_block"
      },
      {
        "char": "a",
        "block": "minecraft:gold_block"
      }
    ]
  },
  {
    "type": "palette",
    "name": "glass_pane",
    "palette": [
      {
        "char": "+",
        "block": "minecraft:gold_block"
      },
      {
        "char": "`",
        "block": "minecraft:gold_block"
      },
      {
        "char": "a",
        "block": "minecraft:gold_block"
      }
    ]
  },
  {
    "type": "palette",
    "name": "glass_full_white",
    "palette": [
      {
        "char": "+",
        "block": "minecraft:gold_block"
      },
      {
        "char": "`",
        "block": "minecraft:gold_block"
      },
      {
        "char": "a",
        "block": "minecraft:gold_block"
      }
    ]
  },
  {
    "type": "palette",
    "name": "glass_pane_white",
    "palette": [
      {
        "char": "+",
        "block": "minecraft:gold_block"
      },
      {
        "char": "`",
        "block": "minecraft:gold_block"
      },
      {
        "char": "a",
        "block": "minecraft:gold_block"
      }
    ]
  },
  {
    "type": "palette",
    "name": "glass_full_blue",
    "palette": [
      {
        "char": "+",
        "block": "minecraft:lapis_block"
      },
      {
        "char": "`",
        "block": "minecraft:lapis_block"
      },
      {
        "char": "a",
        "block": "minecraft:lapis_block"
      }
    ]
  },
  {
    "type": "palette",
    "name": "glass_pane_blue",
    "palette": [
      {
        "char": "+",
        "block": "minecraft:lapis_block"
      },
      {
        "char": "`",
        "block": "minecraft:lapis_block"
      },
      {
        "char": "a",
        "block": "minecraft:lapis_block"
      }
    ]
  },
  {
    "type": "condition",
    "name": "easymobs",
    "values": [
      {
        "factor": 1,
        "value": "Minotaur"
      }
    ]
  }
]