{
  "biome": "nex:arctic_abyss",
  "weight": 2,
  "enabled": true,
  "genDefaultFeatures": true,
  "blocks": {
    "topBlock": {
      "block": "nex:frostburn_ice"
    },
    "fillerBlock": {
      "block": "nex:netherrack",
      "properties": {
        "type": "icy"
      }
    },
    "wallBlock": {
      "block": "nex:netherrack",
      "properties": {
        "type": "icy"
      }
    },
    "ceilingBottomBlock": {
      "block": "nex:frostburn_ice"
    },
    "ceilingFillerBlock": {
      "block": "nex:netherrack",
      "properties": {
        "type": "icy"
      }
    },
    "oceanBlock": {
      "block": "minecraft:magma"
    }
  },
  "entities": [
    {
      "entity": "minecraft:ghast",
      "creatureType": "monster",
      "weight": 50,
      "minGroupCount": 1,
      "maxGroupCount": 4,
      "spawn": true
    },
    {
      "entity": "minecraft:zombie_pigman",
      "creatureType": "monster",
      "weight": 25,
      "minGroupCount": 1,
      "maxGroupCount": 4,
      "spawn": true
    },
    {
      "entity": "nex:bone_spider",
      "creatureType": "monster",
      "weight": 35,
      "minGroupCount": 1,
      "maxGroupCount": 4,
      "spawn": true
    },
    {
      "entity": "nex:wight",
      "creatureType": "monster",
      "weight": 100,
      "minGroupCount": 1,
      "maxGroupCount": 4,
      "spawn": true
    },
    {
      "entity": "nex:brute",
      "creatureType": "monster",
      "weight": 15,
      "minGroupCount": 1,
      "maxGroupCount": 1,
      "spawn": true
    },
    {
      "entity": "techguns:tgdummyspawn",
      "creatureType": "monster",
      "weight": 300,
      "minGroupCount": 1,
      "maxGroupCount": 3,
      "spawn": true
    }
  ],
  "features": [
    {
      "feature": "lex:scatter",
      "genStage": "populate",
      "blockToSpawn": {
        "block": "nex:blue_fire"
      },
      "blockToTarget": {
        "block": "nex:frostburn_ice"
      },
      "placement": "on_ground",
      "genAttempts": 5,
      "genProbability": 1.0,
      "minGenHeight": 4,
      "maxGenHeight": 124,
      "randomizeGenAttempts": true,
      "generate": true
    },
    {
      "feature": "lex:cluster",
      "genStage": "populate",
      "blockToSpawn": {
        "block": "minecraft:glowstone"
      },
      "blockToAttachTo": {
        "block": "nex:netherrack",
        "properties": {
          "type": "icy"
        }
      },
      "direction": "down",
      "genAttempts": 10,
      "genProbability": 1.0,
      "minGenHeight": 4,
      "maxGenHeight": 124,
      "randomizeGenAttempts": true,
      "generate": true
    },
    {
      "feature": "lex:cluster",
      "genStage": "populate",
      "blockToSpawn": {
        "block": "minecraft:glowstone"
      },
      "blockToAttachTo": {
        "block": "nex:netherrack",
        "properties": {
          "type": "icy"
        }
      },
      "direction": "down",
      "genAttempts": 10,
      "genProbability": 1.0,
      "minGenHeight": 1,
      "maxGenHeight": 128,
      "randomizeGenAttempts": false,
      "generate": true
    },
    {
      "feature": "lex:ore",
      "genStage": "ore",
      "blockToSpawn": {
        "block": "nex:quartz_ore",
        "properties": {
          "type": "icy"
        }
      },
      "blockToReplace": {
        "block": "nex:netherrack",
        "properties": {
          "type": "icy"
        }
      },
      "veinSize": 14,
      "genAttempts": 16,
      "genProbability": 1.0,
      "minGenHeight": 10,
      "maxGenHeight": 108,
      "randomizeGenAttempts": false,
      "generate": true
    },
    {
      "feature": "lex:ore",
      "genStage": "ore",
      "blockToSpawn": {
        "block": "nex:rime_ore"
      },
      "blockToReplace": {
        "block": "nex:netherrack",
        "properties": {
          "type": "icy"
        }
      },
      "veinSize": 7,
      "genAttempts": 16,
      "genProbability": 1.0,
      "minGenHeight": 10,
      "maxGenHeight": 108,
      "randomizeGenAttempts": false,
      "generate": true
    },
    {
      "feature": "lex:pool",
      "genStage": "populate",
      "blockToSpawn": {
        "block": "nex:ichor"
      },
      "blockToSurround": {
        "block": "nex:frostburn_ice"
      },
      "genAttempts": 1,
      "genProbability": 0.125,
      "minGenHeight": 36,
      "maxGenHeight": 96,
      "randomizeGenAttempts": false,
      "generate": true
    }
  ]
}