{
  "biome": "nex:torrid_wasteland",
  "weight": 6,
  "enabled": true,
  "genDefaultFeatures": true,
  "blocks": {
    "topBlock": {
      "block": "nex:netherrack",
      "properties": {
        "type": "fiery"
      }
    },
    "fillerBlock": {
      "block": "nex:netherrack",
      "properties": {
        "type": "fiery"
      }
    },
    "wallBlock": {
      "block": "nex:netherrack",
      "properties": {
        "type": "fiery"
      }
    },
    "ceilingBottomBlock": {
      "block": "nex:netherrack",
      "properties": {
        "type": "fiery"
      }
    },
    "ceilingFillerBlock": {
      "block": "nex:netherrack",
      "properties": {
        "type": "fiery"
      }
    },
    "oceanBlock": {
      "block": "minecraft:lava"
    }
  },
  "entities": [
    {
      "entity": "minecraft:magma_cube",
      "creatureType": "monster",
      "weight": 25,
      "minGroupCount": 1,
      "maxGroupCount": 4,
      "spawn": true
    },
    {
      "entity": "nex:ember",
      "creatureType": "monster",
      "weight": 50,
      "minGroupCount": 4,
      "maxGroupCount": 6,
      "spawn": true
    },
    {
      "entity": "nex:salamander",
      "creatureType": "monster",
      "weight": 100,
      "minGroupCount": 1,
      "maxGroupCount": 4,
      "spawn": true
    },
    {
      "entity": "techguns:tgdummyspawn",
      "creatureType": "monster",
      "weight": 300,
      "minGroupCount": 1,
      "maxGroupCount": 3,
      "spawn": true
    }
  ],
  "features": [
    {
      "feature": "lex:fluid",
      "genStage": "populate",
      "blockToSpawn": {
        "block": "minecraft:flowing_lava"
      },
      "blockToTarget": {
        "block": "nex:netherrack",
        "properties": {
          "type": "fiery"
        }
      },
      "hidden": false,
      "genAttempts": 16,
      "genProbability": 1.0,
      "minGenHeight": 4,
      "maxGenHeight": 124,
      "randomizeGenAttempts": false,
      "generate": true
    },
    {
      "feature": "lex:scatter",
      "genStage": "populate",
      "blockToSpawn": {
        "block": "minecraft:fire"
      },
      "blockToTarget": {
        "block": "nex:netherrack",
        "properties": {
          "type": "fiery"
        }
      },
      "placement": "on_ground",
      "genAttempts": 20,
      "genProbability": 1.0,
      "minGenHeight": 4,
      "maxGenHeight": 124,
      "randomizeGenAttempts": true,
      "generate": true
    },
    {
      "feature": "lex:cluster",
      "genStage": "populate",
      "blockToSpawn": {
        "block": "minecraft:glowstone"
      },
      "blockToAttachTo": {
        "block": "nex:netherrack",
        "properties": {
          "type": "fiery"
        }
      },
      "direction": "down",
      "genAttempts": 10,
      "genProbability": 1.0,
      "minGenHeight": 4,
      "maxGenHeight": 124,
      "randomizeGenAttempts": true,
      "generate": true
    },
    {
      "feature": "lex:cluster",
      "genStage": "populate",
      "blockToSpawn": {
        "block": "minecraft:glowstone"
      },
      "blockToAttachTo": {
        "block": "nex:netherrack",
        "properties": {
          "type": "fiery"
        }
      },
      "direction": "down",
      "genAttempts": 10,
      "genProbability": 1.0,
      "minGenHeight": 1,
      "maxGenHeight": 128,
      "randomizeGenAttempts": false,
      "generate": true
    },
    {
      "feature": "lex:ore",
      "genStage": "ore",
      "blockToSpawn": {
        "block": "nex:quartz_ore",
        "properties": {
          "type": "fiery"
        }
      },
      "blockToReplace": {
        "block": "nex:netherrack",
        "properties": {
          "type": "fiery"
        }
      },
      "veinSize": 14,
      "genAttempts": 16,
      "genProbability": 1.0,
      "minGenHeight": 10,
      "maxGenHeight": 108,
      "randomizeGenAttempts": false,
      "generate": true
    },
    {
      "feature": "lex:ore",
      "genStage": "populate",
      "blockToSpawn": {
        "block": "nex:basalt",
        "properties": {
          "type": "normal"
        }
      },
      "blockToReplace": {
        "block": "nex:netherrack",
        "properties": {
          "type": "fiery"
        }
      },
      "veinSize": 24,
      "genAttempts": 14,
      "genProbability": 1.0,
      "minGenHeight": 10,
      "maxGenHeight": 108,
      "randomizeGenAttempts": false,
      "generate": true
    },
    {
      "feature": "lex:ore",
      "genStage": "populate",
      "blockToSpawn": {
        "block": "minecraft:magma"
      },
      "blockToReplace": {
        "block": "nex:netherrack",
        "properties": {
          "type": "fiery"
        }
      },
      "veinSize": 32,
      "genAttempts": 8,
      "genProbability": 1.0,
      "minGenHeight": 28,
      "maxGenHeight": 38,
      "randomizeGenAttempts": false,
      "generate": true
    },
    {
      "feature": "lex:fluid",
      "genStage": "populate",
      "blockToSpawn": {
        "block": "minecraft:flowing_lava"
      },
      "blockToTarget": {
        "block": "nex:netherrack",
        "properties": {
          "type": "fiery"
        }
      },
      "hidden": true,
      "genAttempts": 16,
      "genProbability": 1.0,
      "minGenHeight": 10,
      "maxGenHeight": 118,
      "randomizeGenAttempts": false,
      "generate": true
    },
    {
      "feature": "lex:pool",
      "genStage": "populate",
      "blockToSpawn": {
        "block": "minecraft:lava"
      },
      "blockToSurround": {
        "block": "nex:netherrack",
        "properties": {
          "type": "fiery"
        }
      },
      "genAttempts": 8,
      "genProbability": 1.0,
      "minGenHeight": 10,
      "maxGenHeight": 108,
      "randomizeGenAttempts": false,
      "generate": true
    }
  ]
}