{
  "path": "vanilla/plants/poppy_plant.json",
  "enabled": true,
  "id": "poppy_plant",
  "plant_name": "Poppy",
  "seed_name": "Poppy Seeds",
  "seed_items": [],
  "description": {
    "translations": {},
    "default": "Producing colorful blooms, this plant has gained a reputation for certain medicinal uses. A better use, perhaps, this plant produces seeds that go well with baked goods, particularly for lemon-flavored ones."
  },
  "growth_chance": 0.75,
  "growth_bonus": 0.025,
  "bonemeal": true,
  "tier": 1,
  "weedable": false,
  "aggressive": false,
  "spread_chance": 0.1,
  "spawn_chance": 0.0,
  "grass_drop_chance": 0.0,
  "seed_drop_chance": 1.0,
  "seed_drop_bonus": 0.0,
  "products": {
    "products": [
      {
        "min": 1,
        "max": 1,
        "chance": 0.75,
        "required": true,
        "item": "minecraft:dye",
        "meta": 1,
        "tags": "",
        "ignoreMeta": false,
        "ignoreTags": [],
        "useOreDict": false
      }
    ]
  },
  "requirement": {
    "min_light": 10,
    "max_light": 16,
    "soils": [
      "farmland_soil"
    ],
    "conditions": []
  },
  "texture": {
    "render_type": "hash",
    "seed_texture": "agricraft:items/seed_poppy",
    "plant_textures": [
      "agricraft:blocks/crop_poppy1",
      "agricraft:blocks/crop_poppy1",
      "agricraft:blocks/crop_poppy2",
      "agricraft:blocks/crop_poppy2",
      "agricraft:blocks/crop_poppy2",
      "agricraft:blocks/crop_poppy3",
      "agricraft:blocks/crop_poppy3",
      "agricraft:blocks/crop_poppy4"
    ]
  }
}
