{
  "path": "resource/plants/ferranium_plant.json",
  "enabled": true,
  "id": "ferranium_plant",
  "plant_name": "Ferranium",
  "seed_name": "Ferranum Seeds",
  "seed_items": [],
  "description": {
    "translations": {},
    "default": "A strong plant."
  },
  "growth_chance": 0.9,
  "growth_bonus": 0.025,
  "bonemeal": false,
  "tier": 1,
  "weedable": false,
  "aggressive": false,
  "spread_chance": 0.1,
  "spawn_chance": 0.0,
  "grass_drop_chance": 0.0,
  "seed_drop_chance": 1.0,
  "seed_drop_bonus": 0.0,
  "products": {
    "products": [
      {
        "min": 1,
        "max": 2,
        "chance": 0.95,
        "required": true,
        "item": "agricraft:agri_nugget",
        "meta": 3,
        "tags": "",
        "ignoreMeta": false,
        "ignoreTags": [],
        "useOreDict": false
      }
    ]
  },
  "requirement": {
    "min_light": 10,
    "max_light": 16,
    "soils": [
      "gravel_soil"
    ],
    "conditions": [
      {
        "amount": 1,
        "min_x": 0,
        "min_y": -2,
        "min_z": 0,
        "max_x": 0,
        "max_y": -2,
        "max_z": 0,
        "item": "minecraft:iron_ore",
        "meta": 0,
        "tags": "",
        "ignoreMeta": true,
        "ignoreTags": [],
        "useOreDict": true
      }
    ]
  },
  "texture": {
    "render_type": "hash",
    "seed_texture": "agricraft:items/seed_ferranium",
    "plant_textures": [
      "agricraft:blocks/crop_ferranium1",
      "agricraft:blocks/crop_ferranium1",
      "agricraft:blocks/crop_ferranium1",
      "agricraft:blocks/crop_ferranium2",
      "agricraft:blocks/crop_ferranium2",
      "agricraft:blocks/crop_ferranium2",
      "agricraft:blocks/crop_ferranium3",
      "agricraft:blocks/crop_ferranium4"
    ]
  }
}
